-- MySQL Administrator dump 1.4
--
-- ------------------------------------------------------
-- Server version	5.1.56-community


/*!40101 SET @OLD_CHARACTER_SET_CLIENT=@@CHARACTER_SET_CLIENT */;
/*!40101 SET @OLD_CHARACTER_SET_RESULTS=@@CHARACTER_SET_RESULTS */;
/*!40101 SET @OLD_COLLATION_CONNECTION=@@COLLATION_CONNECTION */;
/*!40101 SET NAMES utf8 */;

/*!40014 SET @OLD_UNIQUE_CHECKS=@@UNIQUE_CHECKS, UNIQUE_CHECKS=0 */;
/*!40014 SET @OLD_FOREIGN_KEY_CHECKS=@@FOREIGN_KEY_CHECKS, FOREIGN_KEY_CHECKS=0 */;
/*!40101 SET @OLD_SQL_MODE=@@SQL_MODE, SQL_MODE='NO_AUTO_VALUE_ON_ZERO' */;


--
-- Create schema sysgeho
--

CREATE DATABASE IF NOT EXISTS sysgeho;
USE sysgeho;

--
-- Definition of table `tab_ass`
--

DROP TABLE IF EXISTS `tab_ass`;
CREATE TABLE `tab_ass` (
  `COD_ASS` varchar(32) NOT NULL DEFAULT '',
  `LIB_ASS` varchar(255) DEFAULT NULL,
  `LIB_DESC` varchar(255) DEFAULT NULL,
  `ETAT_ENT` varchar(30) DEFAULT NULL,
  `COD_EXE_FIS` varchar(30) DEFAULT NULL,
  `BOO_ACT` decimal(1,0) DEFAULT '0',
  `COD_USR_CRT` varchar(30) DEFAULT NULL,
  `COD_USR_MOD` varchar(30) DEFAULT NULL,
  `DAT_CRT` varchar(30) DEFAULT NULL,
  `DAT_MOD` varchar(30) DEFAULT NULL,
  PRIMARY KEY (`COD_ASS`)
) ENGINE=InnoDB DEFAULT CHARSET=latin1;

--
-- Dumping data for table `tab_ass`
--

/*!40000 ALTER TABLE `tab_ass` DISABLE KEYS */;
INSERT INTO `tab_ass` (`COD_ASS`,`LIB_ASS`,`LIB_DESC`,`ETAT_ENT`,`COD_EXE_FIS`,`BOO_ACT`,`COD_USR_CRT`,`COD_USR_MOD`,`DAT_CRT`,`DAT_MOD`) VALUES 
 ('ACTIVA','Activa assurance et reassurance',NULL,'2000','2014','1','admin',NULL,'20140811115338000770',NULL),
 ('AXA','AXA Assurance Cameroun ',NULL,'2000','2014','1','admin',NULL,'20140810224220000627',NULL);
/*!40000 ALTER TABLE `tab_ass` ENABLE KEYS */;


--
-- Definition of table `tab_cat_exam`
--

DROP TABLE IF EXISTS `tab_cat_exam`;
CREATE TABLE `tab_cat_exam` (
  `COD_CAT_EXAM` varchar(32) NOT NULL DEFAULT '',
  `LIB_CAT_EXAM` varchar(255) DEFAULT NULL,
  `LIB_SPEC` varchar(255) DEFAULT NULL,
  `ETAT_ENT` varchar(30) DEFAULT NULL,
  `COD_EXE_FIS` varchar(30) DEFAULT NULL,
  `BOO_ACT` decimal(1,0) DEFAULT '0',
  `COD_USR_CRT` varchar(30) DEFAULT NULL,
  `COD_USR_MOD` varchar(30) DEFAULT NULL,
  `DAT_CRT` varchar(30) DEFAULT NULL,
  `DAT_MOD` varchar(30) DEFAULT NULL,
  `COD_SPEC` varchar(32) DEFAULT NULL,
  PRIMARY KEY (`COD_CAT_EXAM`)
) ENGINE=InnoDB DEFAULT CHARSET=latin1;

--
-- Dumping data for table `tab_cat_exam`
--

/*!40000 ALTER TABLE `tab_cat_exam` DISABLE KEYS */;
INSERT INTO `tab_cat_exam` (`COD_CAT_EXAM`,`LIB_CAT_EXAM`,`LIB_SPEC`,`ETAT_ENT`,`COD_EXE_FIS`,`BOO_ACT`,`COD_USR_CRT`,`COD_USR_MOD`,`DAT_CRT`,`DAT_MOD`,`COD_SPEC`) VALUES 
 ('CAR_LOG','Cardiologie','Anti coeur','2000','2014','1','admin',NULL,'20140812195206000927',NULL,NULL),
 ('CAT_A','Categorie n°1','Spécialité n°2','2000','2014','1','admin','admin','20140813131453000603','20140813131949000833','SPEC_B'),
 ('CAT_B','Categorie n°2','Spécialité n°2','2000','2014','1','admin',NULL,'20140813132014000111',NULL,'SPEC_B'),
 ('CAT_SIAT','Ctégorie siat',NULL,'2000','2014','1','admin',NULL,'20141005124529000522',NULL,'SPEC_C'),
 ('EXAM_1_BIS','Exam Bisoutage',NULL,'2000','2014','1','admin',NULL,'20140905200328000169',NULL,'SPEC_A'),
 ('RZE','ASD',NULL,'2000','2014','1','admin',NULL,'20141005124655000790',NULL,'SPEC_D'),
 ('VIR','Virale','Spécialité n°1','2000','2014','1','admin','admin','20140812195245000037','20140813131928000965','SPEC_A');
/*!40000 ALTER TABLE `tab_cat_exam` ENABLE KEYS */;


--
-- Definition of table `tab_chr_hospi`
--

DROP TABLE IF EXISTS `tab_chr_hospi`;
CREATE TABLE `tab_chr_hospi` (
  `NUM_CHR_HOSPI` varchar(32) NOT NULL DEFAULT '',
  `LIB_CHR_HOSPI` varchar(254) DEFAULT NULL,
  `VAL_NBR_LIT` decimal(20,0) DEFAULT NULL,
  `LIB_NOM_RESPO` varchar(254) DEFAULT NULL,
  `LIB_OBS` varchar(1024) DEFAULT NULL,
  `ETAT_ENT` varchar(30) DEFAULT NULL,
  `COD_EXE_FIS` varchar(30) DEFAULT NULL,
  `BOO_ACT` decimal(1,0) DEFAULT '0',
  `COD_USR_CRT` varchar(30) DEFAULT NULL,
  `COD_USR_MOD` varchar(30) DEFAULT NULL,
  `DAT_CRT` varchar(30) DEFAULT NULL,
  `DAT_MOD` varchar(30) DEFAULT NULL,
  PRIMARY KEY (`NUM_CHR_HOSPI`)
) ENGINE=InnoDB DEFAULT CHARSET=latin1;

--
-- Dumping data for table `tab_chr_hospi`
--

/*!40000 ALTER TABLE `tab_chr_hospi` DISABLE KEYS */;
INSERT INTO `tab_chr_hospi` (`NUM_CHR_HOSPI`,`LIB_CHR_HOSPI`,`VAL_NBR_LIT`,`LIB_NOM_RESPO`,`LIB_OBS`,`ETAT_ENT`,`COD_EXE_FIS`,`BOO_ACT`,`COD_USR_CRT`,`COD_USR_MOD`,`DAT_CRT`,`DAT_MOD`) VALUES 
 ('CH1','Chambre urgence1','4','BAHIHA André','EAS','2000','2014','1','admin',NULL,'20140920093949000885',NULL),
 ('CH2','Chambre2 ophtamologie','3','Koum junior','','2000','2014','1','admin',NULL,'20140920094031000739',NULL);
/*!40000 ALTER TABLE `tab_chr_hospi` ENABLE KEYS */;


--
-- Definition of table `tab_consul`
--

DROP TABLE IF EXISTS `tab_consul`;
CREATE TABLE `tab_consul` (
  `COD_CONSUL` varchar(32) NOT NULL DEFAULT '',
  `COD_PAT` varchar(32) DEFAULT NULL,
  `COD_USR` varchar(32) DEFAULT NULL,
  `COD_SPEC` varchar(32) DEFAULT NULL,
  `VAL_POIDS` varchar(32) DEFAULT NULL,
  `VAL_TENSION` varchar(10) DEFAULT NULL,
  `VAL_POU` varchar(10) DEFAULT NULL,
  `VAL_TAILLE` varchar(10) DEFAULT NULL,
  `DAT_CONSUL` varchar(32) DEFAULT NULL,
  `LIB_STATUT` varchar(255) DEFAULT NULL,
  `VAL_MNT_TTC` decimal(20,2) DEFAULT NULL,
  `ETAT_ENT` varchar(30) DEFAULT NULL,
  `COD_EXE_FIS` varchar(30) DEFAULT NULL,
  `BOO_ACT` decimal(1,0) DEFAULT '0',
  `COD_USR_CRT` varchar(30) DEFAULT NULL,
  `COD_USR_MOD` varchar(30) DEFAULT NULL,
  `DAT_CRT` varchar(30) DEFAULT NULL,
  `DAT_MOD` varchar(30) DEFAULT NULL,
  `BOO_VAL` decimal(1,0) DEFAULT '0',
  `BOO_CPTE_RENDU` decimal(1,0) DEFAULT '0',
  `BOO_PAIE` decimal(1,0) DEFAULT NULL,
  `REF_FAC` varchar(32) DEFAULT NULL,
  `ENU_MOD_PCHG` varchar(30) DEFAULT NULL,
  `TYP_VIS_MED_SRC` varchar(30) DEFAULT NULL,
  `COD_VIS_MED_EMB` varchar(32) DEFAULT NULL,
  `COD_VIS_MED_PERIO` varchar(32) DEFAULT NULL,
  PRIMARY KEY (`COD_CONSUL`)
) ENGINE=InnoDB DEFAULT CHARSET=latin1;

--
-- Dumping data for table `tab_consul`
--

/*!40000 ALTER TABLE `tab_consul` DISABLE KEYS */;
INSERT INTO `tab_consul` (`COD_CONSUL`,`COD_PAT`,`COD_USR`,`COD_SPEC`,`VAL_POIDS`,`VAL_TENSION`,`VAL_POU`,`VAL_TAILLE`,`DAT_CONSUL`,`LIB_STATUT`,`VAL_MNT_TTC`,`ETAT_ENT`,`COD_EXE_FIS`,`BOO_ACT`,`COD_USR_CRT`,`COD_USR_MOD`,`DAT_CRT`,`DAT_MOD`,`BOO_VAL`,`BOO_CPTE_RENDU`,`BOO_PAIE`,`REF_FAC`,`ENU_MOD_PCHG`,`TYP_VIS_MED_SRC`,`COD_VIS_MED_EMB`,`COD_VIS_MED_PERIO`) VALUES 
 ('2014000001','2014000003','house','SPEC_A','75.45T','39','1248','1m70','20140824000000000000','Resus+','25000.00','2002','2014','0','admin','admin','20140824183738000051','20141026111559000429','1','0','0','FAC/REF/01245788',NULL,NULL,NULL,NULL),
 ('2014000002','2014000001','sysgeho','SPEC_B','78 kg','39°','124','1m89','20140825000000000000','RAS','26950.00','2011','2014','1','admin','admin','20140825180629000650','20140915184553000463','1','1','1','REF/BONDEKO/11/09/2014','2002',NULL,NULL,NULL),
 ('2014000003','2014000002','house','SPEC_A','989','253','35','35','20140930000000000000','ky','686.00','2002','2014','1','admin','admin','20140930061918000214','20141015082641000979','1','1','0',NULL,'2002','VM_EMB','2014000001',NULL),
 ('2014000004','2014000001','sysgeho','SPEC_A','85','34','14','1m89','20141004000000000000','RAS','25000.00','2002','2014','1','admin','admin','20141005090448000744','20141026114709000136','1','1','0',NULL,'2001','VM_PERIO',NULL,'2014000001'),
 ('2014000005','2014000005','sysgeho','SPEC_C','78','78','8787','65','20141014000000000000','RAS','789654.00','2002','2014','1','admin','admin','20141015080938000118','20141015082013000373','1','1','0',NULL,'2001','',NULL,NULL);
/*!40000 ALTER TABLE `tab_consul` ENABLE KEYS */;


--
-- Definition of table `tab_cpte_rendu_consul`
--

DROP TABLE IF EXISTS `tab_cpte_rendu_consul`;
CREATE TABLE `tab_cpte_rendu_consul` (
  `COD_CPTE_RENDU_CONSUL` varchar(32) NOT NULL DEFAULT '',
  `COD_CONSUL` varchar(32) DEFAULT NULL,
  `LIB_MOTIF_CONSUL` varchar(1024) DEFAULT NULL,
  `LIB_HIS_MAL` varchar(1024) DEFAULT NULL,
  `LIB_DIAG_PRIN` varchar(1024) DEFAULT NULL,
  `LIB_DIAG_SENC` varchar(1024) DEFAULT NULL,
  `LIB_EXAM_BIO` varchar(1024) DEFAULT NULL,
  `LIB_EXPLO_FONC` varchar(1024) DEFAULT NULL,
  `LIB_EXAM_IMAG` varchar(1024) DEFAULT NULL,
  `LIB_TRAIT_PRES` varchar(1024) DEFAULT NULL,
  `LIB_CONCL` varchar(1024) DEFAULT NULL,
  `DAT` varchar(32) DEFAULT NULL,
  `ETAT_ENT` varchar(30) DEFAULT NULL,
  `COD_EXE_FIS` varchar(30) DEFAULT NULL,
  `BOO_ACT` decimal(1,0) DEFAULT '0',
  `COD_USR_CRT` varchar(30) DEFAULT NULL,
  `COD_USR_MOD` varchar(30) DEFAULT NULL,
  `DAT_CRT` varchar(30) DEFAULT NULL,
  `DAT_MOD` varchar(30) DEFAULT NULL,
  `BOO_VAL` decimal(1,0) DEFAULT NULL,
  `LIB_ANTE_PRO` varchar(1024) DEFAULT NULL,
  `LIB_ANTE_PERSO` varchar(1024) DEFAULT NULL,
  `LIB_ANTE_FAMI` varchar(1024) DEFAULT NULL,
  `LIB_EXAM_PHY` varchar(1024) DEFAULT NULL,
  PRIMARY KEY (`COD_CPTE_RENDU_CONSUL`)
) ENGINE=InnoDB DEFAULT CHARSET=latin1;

--
-- Dumping data for table `tab_cpte_rendu_consul`
--

/*!40000 ALTER TABLE `tab_cpte_rendu_consul` DISABLE KEYS */;
INSERT INTO `tab_cpte_rendu_consul` (`COD_CPTE_RENDU_CONSUL`,`COD_CONSUL`,`LIB_MOTIF_CONSUL`,`LIB_HIS_MAL`,`LIB_DIAG_PRIN`,`LIB_DIAG_SENC`,`LIB_EXAM_BIO`,`LIB_EXPLO_FONC`,`LIB_EXAM_IMAG`,`LIB_TRAIT_PRES`,`LIB_CONCL`,`DAT`,`ETAT_ENT`,`COD_EXE_FIS`,`BOO_ACT`,`COD_USR_CRT`,`COD_USR_MOD`,`DAT_CRT`,`DAT_MOD`,`BOO_VAL`,`LIB_ANTE_PRO`,`LIB_ANTE_PERSO`,`LIB_ANTE_FAMI`,`LIB_EXAM_PHY`) VALUES 
 ('2014000001','2014000001','blablabla','blablabla','blablabla','blablabla','blablabla','blablabla','blablabla','blablabla','blablabla','20140824000000000000','2000','2014','1','admin',NULL,'20140824190442000391',NULL,NULL,NULL,NULL,NULL,NULL),
 ('2014000002','2014000002','Consultation général risque travail','RAS','RAS-BON ETAT','BON','Bio','FOnc','Radiographie','RAS','RAQ','20140806000000000000','2000','2014','1','admin',NULL,'20140825181207000369',NULL,NULL,NULL,NULL,NULL,NULL),
 ('2014000003','2014000003','fsqfsfsq','fsdqf','fsqf',NULL,'fqsf','fqsf','fqsf','fqsf','fqsf','20141006000000000000','2000','2014','1','admin',NULL,'20141006111719000039',NULL,'0','fdqf','fdqf','fqsf','fqsf'),
 ('2014000004','2014000005','dez\"rer','erez','dfds',NULL,'ferfgd','fgsrg','dfqdgf','fdsqf','fsdqfsd','20141009000000000000','2002','2014','1','admin','admin','20141015082013000397','20141015082022000533','1','fsgrfgs','gfg','dsqfsd','dfqsf'),
 ('2014000005','2014000004','','','',NULL,'','','','','',NULL,'2002','2014','1','admin','admin','20141026114709000158','20141026114732000666','1','','','','');
/*!40000 ALTER TABLE `tab_cpte_rendu_consul` ENABLE KEYS */;


--
-- Definition of table `tab_cpte_rendu_exam`
--

DROP TABLE IF EXISTS `tab_cpte_rendu_exam`;
CREATE TABLE `tab_cpte_rendu_exam` (
  `COD_CPTE_RENDU_EXAM` varchar(32) NOT NULL DEFAULT '',
  `COD_EXAM` varchar(32) DEFAULT NULL,
  `LIB_RESUL` varchar(1024) DEFAULT NULL,
  `LIB_CONCLU` varchar(1024) DEFAULT NULL,
  `BOO_VAL` decimal(1,0) DEFAULT '0',
  `DAT` varchar(32) DEFAULT NULL,
  `ETAT_ENT` varchar(30) DEFAULT NULL,
  `COD_EXE_FIS` varchar(30) DEFAULT NULL,
  `BOO_ACT` decimal(1,0) DEFAULT '0',
  `COD_USR_CRT` varchar(30) DEFAULT NULL,
  `COD_USR_MOD` varchar(30) DEFAULT NULL,
  `DAT_CRT` varchar(30) DEFAULT NULL,
  `DAT_MOD` varchar(30) DEFAULT NULL,
  PRIMARY KEY (`COD_CPTE_RENDU_EXAM`)
) ENGINE=InnoDB DEFAULT CHARSET=latin1;

--
-- Dumping data for table `tab_cpte_rendu_exam`
--

/*!40000 ALTER TABLE `tab_cpte_rendu_exam` DISABLE KEYS */;
INSERT INTO `tab_cpte_rendu_exam` (`COD_CPTE_RENDU_EXAM`,`COD_EXAM`,`LIB_RESUL`,`LIB_CONCLU`,`BOO_VAL`,`DAT`,`ETAT_ENT`,`COD_EXE_FIS`,`BOO_ACT`,`COD_USR_CRT`,`COD_USR_MOD`,`DAT_CRT`,`DAT_MOD`) VALUES 
 ('2014000001','2014000001','Negatif','RAS','1','20140905000000000000','2002','2014','1','admin','admin','20140905144704000834','20140905145052000785'),
 ('2014000002','2014000003','((yty','yty','1','20141015000000000000','2002','2014','1','admin','admin','20141015194650000880','20141015194658000203'),
 ('2014000003','2014000004','TOUT EST OK ','Patient bien portant','1','20141026000000000000','2002','2014','1','admin','admin','20141026114603000489','20141026114613000778');
/*!40000 ALTER TABLE `tab_cpte_rendu_exam` ENABLE KEYS */;


--
-- Definition of table `tab_exam`
--

DROP TABLE IF EXISTS `tab_exam`;
CREATE TABLE `tab_exam` (
  `COD_EXAM` varchar(32) NOT NULL DEFAULT '',
  `COD_PAT` varchar(32) DEFAULT NULL,
  `COD_TYP_EXAM` varchar(32) DEFAULT NULL,
  `LIB_EXAM` varchar(45) DEFAULT NULL,
  `LIB_OBJ` varchar(1024) DEFAULT NULL,
  `VAL_MNT_TTC` decimal(20,2) DEFAULT NULL,
  `DAT_EXAM` varchar(32) DEFAULT NULL,
  `LIB_STATUT` varchar(1024) DEFAULT NULL,
  `LIB_PRES` varchar(255) DEFAULT NULL,
  `BOO_CPTE_RENDU` decimal(1,0) DEFAULT '0',
  `ETAT_ENT` varchar(30) DEFAULT NULL,
  `COD_EXE_FIS` varchar(30) DEFAULT NULL,
  `BOO_ACT` decimal(1,0) DEFAULT '0',
  `COD_USR_CRT` varchar(30) DEFAULT NULL,
  `COD_USR_MOD` varchar(30) DEFAULT NULL,
  `DAT_CRT` varchar(30) DEFAULT NULL,
  `DAT_MOD` varchar(30) DEFAULT NULL,
  `BOO_VAL` decimal(1,0) DEFAULT NULL,
  `BOO_PAIE` decimal(1,0) DEFAULT NULL,
  `REF_FAC` varchar(32) DEFAULT NULL,
  `ENU_MOD_PCHG` varchar(30) DEFAULT NULL,
  `TYP_VIS_MED_SRC` varchar(30) DEFAULT NULL,
  `COD_VIS_MED_EMB` varchar(32) DEFAULT NULL,
  `COD_VIS_MED_PERIO` varchar(32) DEFAULT NULL,
  `COD_USR` varchar(32) DEFAULT NULL,
  PRIMARY KEY (`COD_EXAM`)
) ENGINE=InnoDB DEFAULT CHARSET=latin1;

--
-- Dumping data for table `tab_exam`
--

/*!40000 ALTER TABLE `tab_exam` DISABLE KEYS */;
INSERT INTO `tab_exam` (`COD_EXAM`,`COD_PAT`,`COD_TYP_EXAM`,`LIB_EXAM`,`LIB_OBJ`,`VAL_MNT_TTC`,`DAT_EXAM`,`LIB_STATUT`,`LIB_PRES`,`BOO_CPTE_RENDU`,`ETAT_ENT`,`COD_EXE_FIS`,`BOO_ACT`,`COD_USR_CRT`,`COD_USR_MOD`,`DAT_CRT`,`DAT_MOD`,`BOO_VAL`,`BOO_PAIE`,`REF_FAC`,`ENU_MOD_PCHG`,`TYP_VIS_MED_SRC`,`COD_VIS_MED_EMB`,`COD_VIS_MED_PERIO`,`COD_USR`) VALUES 
 ('2014000001','2014000001','VIH','Test VIH','tgt2','12500.00','20140905000000000000','erh','herh','1','2011','2014','1','admin','admin','20140905144213000117','20141006101027000636','1','1','REF/BONDEKO/11/09/2014','2000','',NULL,NULL,'house'),
 ('2014000002','2014000001','ELECTRO_FOR','Electro_forèse du sang','RAS','18500.00','20140603000000000000','RS','DR OUMAROU','0','2011','2014','1','admin','admin','20140911132107000228','20141006101100000532','0','1','REF/BONDEKO/11/09/2014','','',NULL,NULL,NULL),
 ('2014000003','2014000001','TYP_EXAM_2','Axamen Cardiologie','RAS','189625.00','20140926000000000000','RAS','Dr sangou','1','2002','2014','1','admin','admin','20140911132312000311','20141015194650000840','1','0',NULL,'','',NULL,NULL,NULL),
 ('2014000004',NULL,'ELECTRO_FOR','EXAM DE SANG','','25900.00','20141006000000000000','','','1','2002','2014','1','admin','admin','20141005140938000560','20141026114603000484','1','0',NULL,'2002','',NULL,NULL,NULL);
/*!40000 ALTER TABLE `tab_exam` ENABLE KEYS */;


--
-- Definition of table `tab_fac_conv`
--

DROP TABLE IF EXISTS `tab_fac_conv`;
CREATE TABLE `tab_fac_conv` (
  `REF_FAC_CONV` varchar(32) NOT NULL DEFAULT '',
  `COD_SOC` varchar(32) DEFAULT NULL,
  `VAL_EFF` decimal(20,2) DEFAULT NULL,
  `VAL_TRF_FIX_MSUEL` decimal(20,2) DEFAULT NULL,
  `VAL_PRIX_UNI` decimal(20,2) DEFAULT NULL,
  `VAL_MNT_TOTAL` decimal(20,2) DEFAULT NULL,
  `DAT_FAC` varchar(32) DEFAULT NULL,
  `ENU_MOIS_FAC` varchar(32) DEFAULT NULL,
  `BOO_VAL` decimal(1,0) DEFAULT '0',
  `BOO_PAIE` decimal(1,0) DEFAULT '0',
  `LIB_OBJ` varchar(1024) DEFAULT NULL,
  `LIB_INF_COMPL` varchar(1024) DEFAULT NULL,
  `ETAT_ENT` varchar(30) DEFAULT NULL,
  `COD_EXE_FIS` varchar(30) DEFAULT NULL,
  `BOO_ACT` decimal(1,0) DEFAULT '0',
  `COD_USR_CRT` varchar(30) DEFAULT NULL,
  `COD_USR_MOD` varchar(30) DEFAULT NULL,
  `DAT_CRT` varchar(30) DEFAULT NULL,
  `DAT_MOD` varchar(30) DEFAULT NULL,
  PRIMARY KEY (`REF_FAC_CONV`)
) ENGINE=InnoDB DEFAULT CHARSET=latin1;

--
-- Dumping data for table `tab_fac_conv`
--

/*!40000 ALTER TABLE `tab_fac_conv` DISABLE KEYS */;
INSERT INTO `tab_fac_conv` (`REF_FAC_CONV`,`COD_SOC`,`VAL_EFF`,`VAL_TRF_FIX_MSUEL`,`VAL_PRIX_UNI`,`VAL_MNT_TOTAL`,`DAT_FAC`,`ENU_MOIS_FAC`,`BOO_VAL`,`BOO_PAIE`,`LIB_OBJ`,`LIB_INF_COMPL`,`ETAT_ENT`,`COD_EXE_FIS`,`BOO_ACT`,`COD_USR_CRT`,`COD_USR_MOD`,`DAT_CRT`,`DAT_MOD`) VALUES 
 ('578686','ERICSON','766765.00','678656.00','8687686.00',NULL,'20141018000000000000','2007',NULL,NULL,'868','868','2000','2014','1','admin',NULL,'20141019101818000173',NULL),
 ('htyhthth','CITECH','89.00','895.00','896.00',NULL,NULL,'2010',NULL,NULL,'RAS','RAS','2000','2014','1','admin',NULL,'20141019101516000218',NULL),
 ('REF/CAMLAIT/012457896','CAMLAIT','10.00','89000.00','15000.00','239000.00','20141025000000000000','2000','1','0','Favture conv camlait 01/2014','RAS','2002','2014','1','admin','admin','20141025150038000735','20141026104018000641'),
 ('REF/CAMLAIT/4512/OPI','CAMLAIT','75.00','89000.00','15000.00','1214000.00','20141025151926000605','2002','0','0','Facture conventionnelle camlait 02/2014','RAS','2000','2014','1','admin',NULL,'20141025151926000614',NULL);
/*!40000 ALTER TABLE `tab_fac_conv` ENABLE KEYS */;


--
-- Definition of table `tab_fac_cour`
--

DROP TABLE IF EXISTS `tab_fac_cour`;
CREATE TABLE `tab_fac_cour` (
  `REF_FAC_COUR` varchar(32) NOT NULL DEFAULT '',
  `COD_PAT` varchar(32) DEFAULT NULL,
  `VAL_MNT_TOTAL` decimal(20,2) DEFAULT NULL,
  `DAT_FAC` varchar(32) DEFAULT NULL,
  `BOO_VAL` decimal(1,0) DEFAULT '0',
  `BOO_PAIE` decimal(1,0) DEFAULT '0',
  `LIB_OBJ` varchar(1024) DEFAULT NULL,
  `LIB_INF_COMPL` varchar(1024) DEFAULT NULL,
  `ETAT_ENT` varchar(30) DEFAULT NULL,
  `COD_EXE_FIS` varchar(30) DEFAULT NULL,
  `BOO_ACT` decimal(1,0) DEFAULT '0',
  `COD_USR_CRT` varchar(30) DEFAULT NULL,
  `COD_USR_MOD` varchar(30) DEFAULT NULL,
  `DAT_CRT` varchar(30) DEFAULT NULL,
  `DAT_MOD` varchar(30) DEFAULT NULL,
  PRIMARY KEY (`REF_FAC_COUR`)
) ENGINE=InnoDB DEFAULT CHARSET=latin1;

--
-- Dumping data for table `tab_fac_cour`
--

/*!40000 ALTER TABLE `tab_fac_cour` DISABLE KEYS */;
INSERT INTO `tab_fac_cour` (`REF_FAC_COUR`,`COD_PAT`,`VAL_MNT_TOTAL`,`DAT_FAC`,`BOO_VAL`,`BOO_PAIE`,`LIB_OBJ`,`LIB_INF_COMPL`,`ETAT_ENT`,`COD_EXE_FIS`,`BOO_ACT`,`COD_USR_CRT`,`COD_USR_MOD`,`DAT_CRT`,`DAT_MOD`) VALUES 
 ('FAC/REF/01245788','2014000003','25000.00','20140911000000000000','0','0','RAS','RAS','2000','2014','1','admin',NULL,'20140911112037000370',NULL),
 ('FAC/REF/0124589POIUHB','2014000004','2160254.00','20141025000000000000','1','1','RAS','RAS','2011','2014','1','admin','admin','20141026120614000585','20141026120642000590'),
 ('REF/BONDEKO/11/09/2014','2014000001','120290.00','20140911000000000000','1','1','Facture consultation, hospitalisation et soin Mr OWONA','RAS','2011','2014','1','admin','admin','20140911144733000730','20141020200503000285');
/*!40000 ALTER TABLE `tab_fac_cour` ENABLE KEYS */;


--
-- Definition of table `tab_fac_vis_med_emb`
--

DROP TABLE IF EXISTS `tab_fac_vis_med_emb`;
CREATE TABLE `tab_fac_vis_med_emb` (
  `REF_FAC_VIS_MED_EMB` varchar(32) NOT NULL DEFAULT '',
  `COD_VIS_MED_EMB` varchar(32) DEFAULT NULL,
  `C_LOT_DOC` varchar(32) DEFAULT NULL,
  `VAL_MNT_TOTAL` decimal(20,2) DEFAULT NULL,
  `DAT_FAC` varchar(32) DEFAULT NULL,
  `BOO_VAL` decimal(1,0) DEFAULT '0',
  `BOO_PAIE` decimal(1,0) DEFAULT '0',
  `LIB_OBJ` varchar(1024) DEFAULT NULL,
  `LIB_INF_COMPL` varchar(1024) DEFAULT NULL,
  `ETAT_ENT` varchar(30) DEFAULT NULL,
  `COD_EXE_FIS` varchar(30) DEFAULT NULL,
  `BOO_ACT` decimal(1,0) DEFAULT '0',
  `COD_USR_CRT` varchar(30) DEFAULT NULL,
  `COD_USR_MOD` varchar(30) DEFAULT NULL,
  `DAT_CRT` varchar(30) DEFAULT NULL,
  `DAT_MOD` varchar(30) DEFAULT NULL,
  PRIMARY KEY (`REF_FAC_VIS_MED_EMB`)
) ENGINE=InnoDB DEFAULT CHARSET=latin1;

--
-- Dumping data for table `tab_fac_vis_med_emb`
--

/*!40000 ALTER TABLE `tab_fac_vis_med_emb` DISABLE KEYS */;
INSERT INTO `tab_fac_vis_med_emb` (`REF_FAC_VIS_MED_EMB`,`COD_VIS_MED_EMB`,`C_LOT_DOC`,`VAL_MNT_TOTAL`,`DAT_FAC`,`BOO_VAL`,`BOO_PAIE`,`LIB_OBJ`,`LIB_INF_COMPL`,`ETAT_ENT`,`COD_EXE_FIS`,`BOO_ACT`,`COD_USR_CRT`,`COD_USR_MOD`,`DAT_CRT`,`DAT_MOD`) VALUES 
 ('FAC0012458/VMEMB/2014','2014000001','2014L00000003',NULL,'20141207000000000000','1','1','RAS','RAS','2011','2014','1','admin','admin','20141207142310000215','20141207142532000662');
/*!40000 ALTER TABLE `tab_fac_vis_med_emb` ENABLE KEYS */;


--
-- Definition of table `tab_fac_vis_med_perio`
--

DROP TABLE IF EXISTS `tab_fac_vis_med_perio`;
CREATE TABLE `tab_fac_vis_med_perio` (
  `REF_FAC_VIS_MED_PERIO` varchar(32) NOT NULL DEFAULT '',
  `COD_VIS_MED_PERIO` varchar(32) DEFAULT NULL,
  `C_LOT_DOC` varchar(32) DEFAULT NULL,
  `VAL_MNT_TOTAL` decimal(20,2) DEFAULT NULL,
  `DAT_FAC` varchar(32) DEFAULT NULL,
  `BOO_VAL` decimal(1,0) DEFAULT '0',
  `BOO_PAIE` decimal(1,0) DEFAULT '0',
  `LIB_OBJ` varchar(1024) DEFAULT NULL,
  `LIB_INF_COMPL` varchar(1024) DEFAULT NULL,
  `ETAT_ENT` varchar(30) DEFAULT NULL,
  `COD_EXE_FIS` varchar(30) DEFAULT NULL,
  `BOO_ACT` decimal(1,0) DEFAULT '0',
  `COD_USR_CRT` varchar(30) DEFAULT NULL,
  `COD_USR_MOD` varchar(30) DEFAULT NULL,
  `DAT_CRT` varchar(30) DEFAULT NULL,
  `DAT_MOD` varchar(30) DEFAULT NULL,
  PRIMARY KEY (`REF_FAC_VIS_MED_PERIO`)
) ENGINE=InnoDB DEFAULT CHARSET=latin1;

--
-- Dumping data for table `tab_fac_vis_med_perio`
--

/*!40000 ALTER TABLE `tab_fac_vis_med_perio` DISABLE KEYS */;
INSERT INTO `tab_fac_vis_med_perio` (`REF_FAC_VIS_MED_PERIO`,`COD_VIS_MED_PERIO`,`C_LOT_DOC`,`VAL_MNT_TOTAL`,`DAT_FAC`,`BOO_VAL`,`BOO_PAIE`,`LIB_OBJ`,`LIB_INF_COMPL`,`ETAT_ENT`,`COD_EXE_FIS`,`BOO_ACT`,`COD_USR_CRT`,`COD_USR_MOD`,`DAT_CRT`,`DAT_MOD`) VALUES 
 ('FAC0012458/VMPERIO/2014','2014000001','2014L00000002',NULL,'20141204000000000000','0','0','RAS','RAS','2000','2014','1','admin','admin','20141204183037000866','20141204183125000086');
/*!40000 ALTER TABLE `tab_fac_vis_med_perio` ENABLE KEYS */;


--
-- Definition of table `tab_hospi`
--

DROP TABLE IF EXISTS `tab_hospi`;
CREATE TABLE `tab_hospi` (
  `COD_HOSPI` varchar(32) NOT NULL DEFAULT '',
  `COD_PAT` varchar(32) DEFAULT NULL,
  `COD_USR` varchar(32) DEFAULT NULL,
  `COD_SVC` varchar(32) DEFAULT NULL,
  `DAT_ADMI` varchar(32) DEFAULT NULL,
  `LIB_MOTIF` varchar(255) DEFAULT NULL,
  `LIB_NUM_CARNET` varchar(255) DEFAULT NULL,
  `LIB_OBS` varchar(1024) DEFAULT NULL,
  `NUM_CHR_HOSPI` varchar(255) DEFAULT NULL,
  `COD_LIT` varchar(255) DEFAULT NULL,
  `VAL_MNT` decimal(20,2) DEFAULT NULL,
  `ETAT_ENT` varchar(30) DEFAULT NULL,
  `COD_EXE_FIS` varchar(30) DEFAULT NULL,
  `BOO_ACT` decimal(1,0) DEFAULT '0',
  `COD_USR_CRT` varchar(30) DEFAULT NULL,
  `COD_USR_MOD` varchar(30) DEFAULT NULL,
  `DAT_CRT` varchar(30) DEFAULT NULL,
  `DAT_MOD` varchar(30) DEFAULT NULL,
  `BOO_SOR` decimal(1,0) DEFAULT NULL,
  `LIB_PRESCRI` varchar(1024) DEFAULT NULL,
  `DAT_SORTIE` varchar(32) DEFAULT NULL,
  `BOO_PAIE` decimal(1,0) DEFAULT NULL,
  `REF_FAC` varchar(32) DEFAULT NULL,
  `ENU_MOD_PCHG` varchar(30) DEFAULT NULL,
  `TYP_VIS_MED_SRC` varchar(30) DEFAULT NULL,
  `COD_VIS_MED_EMB` varchar(32) DEFAULT NULL,
  `COD_VIS_MED_PERIO` varchar(32) DEFAULT NULL,
  PRIMARY KEY (`COD_HOSPI`)
) ENGINE=InnoDB DEFAULT CHARSET=latin1;

--
-- Dumping data for table `tab_hospi`
--

/*!40000 ALTER TABLE `tab_hospi` DISABLE KEYS */;
INSERT INTO `tab_hospi` (`COD_HOSPI`,`COD_PAT`,`COD_USR`,`COD_SVC`,`DAT_ADMI`,`LIB_MOTIF`,`LIB_NUM_CARNET`,`LIB_OBS`,`NUM_CHR_HOSPI`,`COD_LIT`,`VAL_MNT`,`ETAT_ENT`,`COD_EXE_FIS`,`BOO_ACT`,`COD_USR_CRT`,`COD_USR_MOD`,`DAT_CRT`,`DAT_MOD`,`BOO_SOR`,`LIB_PRESCRI`,`DAT_SORTIE`,`BOO_PAIE`,`REF_FAC`,`ENU_MOD_PCHG`,`TYP_VIS_MED_SRC`,`COD_VIS_MED_EMB`,`COD_VIS_MED_PERIO`) VALUES 
 ('2014000001','2014000004','house','D_G','20140829000000000000','Consultatio Urgeance','154845484215','RAS','CH1','CH1/L1','2150000.00','2011','2014','1','admin','admin','20140829190227000227','20141026120642000573',NULL,'PATIENT OK','20141026120000000000','1','FAC/REF/0124589POIUHB',NULL,NULL,NULL,NULL),
 ('2014000002','2014000002','admin','CHIR_DENT','20140805000000000000','RAS','15487','RAS','CH1','CH1/L1','258964.00','2010','2014','1','admin','admin','20140829191112000502','20140902063453000298',NULL,'',NULL,'0',NULL,NULL,NULL,NULL,NULL),
 ('2014000006','2014000001','house','D_G','20140905000000000000','6546','rqg','466','CH1','CH1/L1','39850.00','2011','2014','1','admin','admin','20140905142530000519','20140915184649000601','0',NULL,NULL,'1','REF/BONDEKO/11/09/2014','2002',NULL,NULL,NULL),
 ('2014000007','2014000005','admin','PED','20140909000000000000','RAS&','0215478','RAS','CH1','CH1/L1','160200.00','2009','2014','1','admin',NULL,'20140907104052000089',NULL,'0',NULL,NULL,'0',NULL,NULL,NULL,NULL,NULL),
 ('2014000013','2014000003','house','D_G','20140921000000000000','Accident de travail','89/KUY58','Blessure + lésion ','CH2','CH2/L2','89500.00','2009','2014','1','admin',NULL,'20140921192225000753',NULL,'0',NULL,NULL,'0',NULL,'2002',NULL,NULL,NULL),
 ('2014000014','2014000001','RAS','D_G','20141015000000000000','hjhj','gujlk','ghgh','CH2','CH2/L1','85875.00','2010','2014','1','admin','admin','20141015194802000137','20141015194815000503','0','ras','20141028120000000000','0',NULL,'2002','',NULL,NULL),
 ('2014000015','2014000002','sysgeho','PED','20141026000000000000','RAS','8952','AERRE','CH2','CH2/L1','89000.00','2009','2014','1','admin','admin','20141026120350000395','20141026120414000327','0',NULL,NULL,'0',NULL,'2002','VM_PERIO',NULL,NULL);
/*!40000 ALTER TABLE `tab_hospi` ENABLE KEYS */;


--
-- Definition of table `tab_inc_cod`
--

DROP TABLE IF EXISTS `tab_inc_cod`;
CREATE TABLE `tab_inc_cod` (
  `COD_INC_COD` varchar(45) NOT NULL DEFAULT '',
  `LIB_DESC` varchar(45) DEFAULT NULL,
  `VAL_INC_COD` decimal(10,0) DEFAULT NULL,
  `ETAT_ENT` varchar(30) DEFAULT NULL,
  `COD_EXE_FIS` varchar(30) DEFAULT NULL,
  `BOO_ACT` decimal(1,0) DEFAULT '0',
  `COD_USR_CRT` varchar(30) DEFAULT NULL,
  `COD_USR_MOD` varchar(30) DEFAULT NULL,
  `DAT_CRT` varchar(30) DEFAULT NULL,
  `DAT_MOD` varchar(30) DEFAULT NULL,
  PRIMARY KEY (`COD_INC_COD`)
) ENGINE=InnoDB DEFAULT CHARSET=latin1;

--
-- Dumping data for table `tab_inc_cod`
--

/*!40000 ALTER TABLE `tab_inc_cod` DISABLE KEYS */;
INSERT INTO `tab_inc_cod` (`COD_INC_COD`,`LIB_DESC`,`VAL_INC_COD`,`ETAT_ENT`,`COD_EXE_FIS`,`BOO_ACT`,`COD_USR_CRT`,`COD_USR_MOD`,`DAT_CRT`,`DAT_MOD`) VALUES 
 ('2014TabConsul','compteur consultation','5',NULL,NULL,'0','admin','admin',NULL,'20141015080938000086'),
 ('2014TabCpteRenduConsul','compteur compte rendu consultation','5',NULL,NULL,'0','admin','admin',NULL,'20141026114709000091'),
 ('2014TabCpteRenduExam','compteur compte rendu exam','3',NULL,NULL,'0','admin','admin',NULL,'20141026114603000473'),
 ('2014TabExam','compteur exam','4',NULL,NULL,'0','admin','admin','20140809150354000617','20141005140938000549'),
 ('2014TabHospi','compteur hospitalisation','15',NULL,NULL,'0','admin','admin','20140809150354000617','20141026120350000387'),
 ('2014TabLotDoc','compteur lot documentaire','3',NULL,NULL,'0',NULL,'admin',NULL,'20141207142532000368'),
 ('2014TabPat','compteur patient','5',NULL,NULL,'0','admin','admin','20140809150354000617','20140906100209000997'),
 ('2014TabRapVisMedEmb','compteur rapport visite medicale embauche','2',NULL,NULL,'0',NULL,'admin',NULL,'20141119200857000314'),
 ('2014TabRapVisMedPerio','compteur rapport visite medicale periodique','1',NULL,NULL,'0',NULL,'admin',NULL,'20141116214121000852'),
 ('2014TabRdv','compteur RDV','5',NULL,NULL,'0','admin','admin','20140809150354000617','20140907080111000183'),
 ('2014TabSoin','compteur soin','7',NULL,NULL,'0','admin','admin','20140809150354000617','20141015194901000779'),
 ('2014TabVisMedEmb','compteur visite medicale embauche','2',NULL,NULL,'0',NULL,'admin',NULL,'20140927154935000765'),
 ('2014TabVisMedPerio','compteur visite medicale periodique','1',NULL,NULL,'0',NULL,'admin',NULL,'20140927155332000846');
/*!40000 ALTER TABLE `tab_inc_cod` ENABLE KEYS */;


--
-- Definition of table `tab_lit`
--

DROP TABLE IF EXISTS `tab_lit`;
CREATE TABLE `tab_lit` (
  `COD_LIT` varchar(32) NOT NULL DEFAULT '',
  `NUM_LIT` varchar(32) DEFAULT NULL,
  `LIB_LIT` varchar(254) DEFAULT NULL,
  `NUM_CHR_HOSPI` varchar(32) DEFAULT NULL,
  `ETAT_ENT` varchar(30) DEFAULT NULL,
  `COD_EXE_FIS` varchar(30) DEFAULT NULL,
  `BOO_ACT` decimal(1,0) DEFAULT '0',
  `COD_USR_CRT` varchar(30) DEFAULT NULL,
  `COD_USR_MOD` varchar(30) DEFAULT NULL,
  `DAT_CRT` varchar(30) DEFAULT NULL,
  `DAT_MOD` varchar(30) DEFAULT NULL,
  `BOO_OQP` decimal(1,0) DEFAULT NULL,
  PRIMARY KEY (`COD_LIT`)
) ENGINE=InnoDB DEFAULT CHARSET=latin1;

--
-- Dumping data for table `tab_lit`
--

/*!40000 ALTER TABLE `tab_lit` DISABLE KEYS */;
INSERT INTO `tab_lit` (`COD_LIT`,`NUM_LIT`,`LIB_LIT`,`NUM_CHR_HOSPI`,`ETAT_ENT`,`COD_EXE_FIS`,`BOO_ACT`,`COD_USR_CRT`,`COD_USR_MOD`,`DAT_CRT`,`DAT_MOD`,`BOO_OQP`) VALUES 
 ('CH1/L1','L1','Lit_andort','CH1','2013','2014','1','admin','admin','20140920094118000920','20141026115348000842','0'),
 ('CH1/L2','L2','lit ras','CH1','2000',NULL,NULL,NULL,'admin',NULL,'20140921183557000330','1'),
 ('CH1/L3','L3','Lit_bijoux','CH1','2000','2014','1','admin',NULL,'20140920094306000128',NULL,NULL),
 ('CH2/L1','L1','Lit bao','CH2','2013',NULL,NULL,NULL,'admin',NULL,'20141015194815000495','0'),
 ('CH2/L2','L2','Lit Archi','CH2','2012',NULL,NULL,NULL,'admin',NULL,'20140921192225000752','1');
/*!40000 ALTER TABLE `tab_lit` ENABLE KEYS */;


--
-- Definition of table `tab_lot_doc`
--

DROP TABLE IF EXISTS `tab_lot_doc`;
CREATE TABLE `tab_lot_doc` (
  `C_LOT_DOC` varchar(255) NOT NULL DEFAULT '',
  `Z_PCE` decimal(20,2) DEFAULT '0.00',
  `L_INF_LOT` varchar(255) DEFAULT NULL,
  `L_LOT_DOC` varchar(255) DEFAULT NULL,
  `ETAT_ENT` varchar(30) DEFAULT NULL,
  `COD_EXE_FIS` varchar(30) DEFAULT NULL,
  `BOO_ACT` decimal(1,0) DEFAULT '0',
  `COD_USR_CRT` varchar(30) DEFAULT NULL,
  `COD_USR_MOD` varchar(30) DEFAULT NULL,
  `DAT_CRT` varchar(30) DEFAULT NULL,
  `DAT_MOD` varchar(30) DEFAULT NULL,
  PRIMARY KEY (`C_LOT_DOC`)
) ENGINE=InnoDB DEFAULT CHARSET=latin1;

--
-- Dumping data for table `tab_lot_doc`
--

/*!40000 ALTER TABLE `tab_lot_doc` DISABLE KEYS */;
INSERT INTO `tab_lot_doc` (`C_LOT_DOC`,`Z_PCE`,`L_INF_LOT`,`L_LOT_DOC`,`ETAT_ENT`,`COD_EXE_FIS`,`BOO_ACT`,`COD_USR_CRT`,`COD_USR_MOD`,`DAT_CRT`,`DAT_MOD`) VALUES 
 ('2014L00000002','1.00',NULL,'Lot documentaire de la facture FAC0012458/VMPERIO/2014','2000','2014','1','admin','admin','20141204183124000907','20141204183125000084'),
 ('2014L00000003','1.00',NULL,'Lot documentaire de la facture FAC0012458/VMEMB/2014','2000','2014','1','admin','admin','20141207142532000379','20141207142532000661');
/*!40000 ALTER TABLE `tab_lot_doc` ENABLE KEYS */;


--
-- Definition of table `tab_pat`
--

DROP TABLE IF EXISTS `tab_pat`;
CREATE TABLE `tab_pat` (
  `COD_PAT` varchar(32) NOT NULL DEFAULT '',
  `LIB_MAT` varchar(255) DEFAULT NULL,
  `LIB_TIT` varchar(255) DEFAULT NULL,
  `LIB_NOM` varchar(255) DEFAULT NULL,
  `LIB_PRE` varchar(255) DEFAULT NULL,
  `ENU_STA_MAT` varchar(32) DEFAULT NULL,
  `DAT_NAIS` varchar(32) DEFAULT NULL,
  `LIB_SEX` varchar(32) DEFAULT NULL,
  `LIB_ADR` varchar(255) DEFAULT NULL,
  `LIB_NUM_TEL` varchar(32) DEFAULT NULL,
  `LIB_PROF` varchar(255) DEFAULT NULL,
  `LIB_FON` varchar(255) DEFAULT NULL,
  `COD_SOC` varchar(32) DEFAULT NULL,
  `BOO_EST_ASS` decimal(1,0) DEFAULT '0',
  `BOO_EST_AFF` decimal(1,0) DEFAULT '0',
  `LIB_PER_CON` varchar(255) DEFAULT NULL,
  `LIB_NUM_TEL_PER_CON` varchar(32) DEFAULT NULL,
  `COD_ASS` varchar(32) DEFAULT NULL,
  `DAT_ENREG` varchar(32) DEFAULT NULL,
  `BOO_EST_ARCH` decimal(1,0) DEFAULT '0',
  `LIB_MED` varchar(255) DEFAULT NULL,
  `ETAT_ENT` varchar(30) DEFAULT NULL,
  `COD_EXE_FIS` varchar(30) DEFAULT NULL,
  `BOO_ACT` decimal(1,0) DEFAULT '0',
  `COD_USR_CRT` varchar(30) DEFAULT NULL,
  `COD_USR_MOD` varchar(30) DEFAULT NULL,
  `DAT_CRT` varchar(30) DEFAULT NULL,
  `DAT_MOD` varchar(30) DEFAULT NULL,
  `LIB_ASS` varchar(255) DEFAULT NULL,
  `LIB_SOC` varchar(255) DEFAULT NULL,
  `LIB_NUM_CNI` varchar(32) DEFAULT NULL,
  `LIB_NUM_CNPS` varchar(32) DEFAULT NULL,
  PRIMARY KEY (`COD_PAT`)
) ENGINE=InnoDB DEFAULT CHARSET=latin1;

--
-- Dumping data for table `tab_pat`
--

/*!40000 ALTER TABLE `tab_pat` DISABLE KEYS */;
INSERT INTO `tab_pat` (`COD_PAT`,`LIB_MAT`,`LIB_TIT`,`LIB_NOM`,`LIB_PRE`,`ENU_STA_MAT`,`DAT_NAIS`,`LIB_SEX`,`LIB_ADR`,`LIB_NUM_TEL`,`LIB_PROF`,`LIB_FON`,`COD_SOC`,`BOO_EST_ASS`,`BOO_EST_AFF`,`LIB_PER_CON`,`LIB_NUM_TEL_PER_CON`,`COD_ASS`,`DAT_ENREG`,`BOO_EST_ARCH`,`LIB_MED`,`ETAT_ENT`,`COD_EXE_FIS`,`BOO_ACT`,`COD_USR_CRT`,`COD_USR_MOD`,`DAT_CRT`,`DAT_MOD`,`LIB_ASS`,`LIB_SOC`,`LIB_NUM_CNI`,`LIB_NUM_CNPS`) VALUES 
 ('2014000001','05S024','2001','OWONA','JOSEPH','2003','20101117000000000000','M','Douala-Bepanda','77010470','Developpeur','Devellopeur sénior','OCI','1','1','Mme Cristine','5847965','AXA','20140811000000000000',NULL,'0','2000','2014','1','admin','admin','20140811132159000704','20141020200050000090',NULL,'Office congolais d\'informatique','979848995','ytu/78452/ytresf'),
 ('2014000002','05S025','2002','ETOUNDI','Lazare Joel','2000','20110914000000000000','M','RAS','95 87 25 69','IOS system','Admin','ERICSON','1','1','Mr soufo','589664','ACTIVA','20140811000000000000',NULL,'Mr House','2000','2014','1','admin','admin','20140811140343000363','20141020200125000926','Activa assurance et reassurance','Sony and Eric sono','',''),
 ('2014000003','MT4145','2003','moihth','htrh','2002','20140814000000000000','F','8686','5686','sgg','sgf','MEGATIM','1','1','gsrhgh','868','ACTIVA','20140811000000000000',NULL,'sgg','2000','2014','1','admin',NULL,'20140811213038000556',NULL,'Activa assurance et reassurance','Mega tim work',NULL,NULL),
 ('2014000004','05Q436','2004','TIMOTE','Atouba pascaline','2003','19860908000000000000','M','RAS','72568925','ING','Support','CITECH','0','1','Mr Arnaud','258965548',NULL,'20140828000000000000',NULL,'Dr','2000','2014','1','admin','admin','20140828203247000391','20141020200150000076',NULL,'Communication and Information Technology','0145785632',''),
 ('2014000005','2015/FP/8578965','2002','Azebaze nguinfack','Tatiana pulcherie','2003','19670913000000000000','F','Dla-Bepanda bonabo','78965412','Dentiste','Assistante dantiste','E-PRINT','1','0','Mr Azebaze tchinda christophe','89562374','ACTIVA','20140906000000000000',NULL,'Dr Ondoua albert CHU YDE','2000','2014','1','admin','admin','20140906100210000018','20140906100800000660',NULL,NULL,'012478965',NULL);
/*!40000 ALTER TABLE `tab_pat` ENABLE KEYS */;


--
-- Definition of table `tab_pce_jte`
--

DROP TABLE IF EXISTS `tab_pce_jte`;
CREATE TABLE `tab_pce_jte` (
  `C_PCE` varchar(255) NOT NULL DEFAULT '',
  `D_PCE` varchar(32) DEFAULT NULL,
  `L_INF_PCE` varchar(255) DEFAULT NULL,
  `L_REF_FCH` varchar(255) DEFAULT NULL,
  `L_REF_PCE` varchar(255) DEFAULT NULL,
  `V_VAL_PCE` decimal(20,2) DEFAULT '0.00',
  `C_LOT_DOC` varchar(255) DEFAULT NULL,
  `C_TYP_PCE` varchar(255) DEFAULT NULL,
  `ETAT_ENT` varchar(30) DEFAULT NULL,
  `COD_EXE_FIS` varchar(30) DEFAULT NULL,
  `BOO_ACT` decimal(1,0) DEFAULT '0',
  `COD_USR_CRT` varchar(30) DEFAULT NULL,
  `COD_USR_MOD` varchar(30) DEFAULT NULL,
  `DAT_CRT` varchar(30) DEFAULT NULL,
  `DAT_MOD` varchar(30) DEFAULT NULL,
  PRIMARY KEY (`C_PCE`)
) ENGINE=InnoDB DEFAULT CHARSET=latin1;

--
-- Dumping data for table `tab_pce_jte`
--

/*!40000 ALTER TABLE `tab_pce_jte` DISABLE KEYS */;
INSERT INTO `tab_pce_jte` (`C_PCE`,`D_PCE`,`L_INF_PCE`,`L_REF_FCH`,`L_REF_PCE`,`V_VAL_PCE`,`C_LOT_DOC`,`C_TYP_PCE`,`ETAT_ENT`,`COD_EXE_FIS`,`BOO_ACT`,`COD_USR_CRT`,`COD_USR_MOD`,`DAT_CRT`,`DAT_MOD`) VALUES 
 ('2014L00000002_10801_Fac000001_1103','20141204000000000000','RAS','architecturees_soa_distribuees.pdf','FacVMPerio',NULL,'2014L00000002','AUTRES',NULL,NULL,NULL,NULL,NULL,NULL,NULL),
 ('2014L00000003_10801_Fac000001_1103','20141207000000000000','RAS','DPR02 - Ingénieur Etudes et developpement.pdf','RAS',NULL,'2014L00000003','AUTRES',NULL,NULL,NULL,NULL,NULL,NULL,NULL);
/*!40000 ALTER TABLE `tab_pce_jte` ENABLE KEYS */;


--
-- Definition of table `tab_rap_vis_med_emb`
--

DROP TABLE IF EXISTS `tab_rap_vis_med_emb`;
CREATE TABLE `tab_rap_vis_med_emb` (
  `COD_RAP_VIS_MED_EMB` varchar(32) NOT NULL DEFAULT '',
  `COD_VIS_MED_EMB` varchar(32) DEFAULT NULL,
  `LIB_OBJ` varchar(1024) DEFAULT NULL,
  `LIB_RAP_EXAM_CLI` varchar(2048) DEFAULT NULL,
  `LIB_RAP_EXAM_NOR` varchar(2048) DEFAULT NULL,
  `LIB_RAP_EXAM_ANOR` varchar(2048) DEFAULT NULL,
  `LIB_CONCL` varchar(2048) DEFAULT NULL,
  `LIB_RECOM_PART` varchar(2048) DEFAULT NULL,
  `DAT_EDI` varchar(32) DEFAULT NULL,
  `BOO_VAL` decimal(1,0) DEFAULT '0',
  `ETAT_ENT` varchar(30) DEFAULT NULL,
  `COD_EXE_FIS` varchar(30) DEFAULT NULL,
  `BOO_ACT` decimal(1,0) DEFAULT '0',
  `COD_USR_CRT` varchar(30) DEFAULT NULL,
  `COD_USR_MOD` varchar(30) DEFAULT NULL,
  `DAT_CRT` varchar(30) DEFAULT NULL,
  `DAT_MOD` varchar(30) DEFAULT NULL,
  PRIMARY KEY (`COD_RAP_VIS_MED_EMB`)
) ENGINE=InnoDB DEFAULT CHARSET=latin1;

--
-- Dumping data for table `tab_rap_vis_med_emb`
--

/*!40000 ALTER TABLE `tab_rap_vis_med_emb` DISABLE KEYS */;
INSERT INTO `tab_rap_vis_med_emb` (`COD_RAP_VIS_MED_EMB`,`COD_VIS_MED_EMB`,`LIB_OBJ`,`LIB_RAP_EXAM_CLI`,`LIB_RAP_EXAM_NOR`,`LIB_RAP_EXAM_ANOR`,`LIB_CONCL`,`LIB_RECOM_PART`,`DAT_EDI`,`BOO_VAL`,`ETAT_ENT`,`COD_EXE_FIS`,`BOO_ACT`,`COD_USR_CRT`,`COD_USR_MOD`,`DAT_CRT`,`DAT_MOD`) VALUES 
 ('2014000001','2014000001','Rapport VM_EMB d\'étoundi','bllalalallalalalalala\nalalalalala\nlalalal','bllalalallalalalalala\nalalalalala\nlalalal','bllalalallalalalalala\nalalalalala\nlalalal','bllalalallalalalalala\nalalalalala\nlalalal','bllalalallalalalalala\nalalalalala\nlalalal','20141116000000000000','1','2002','2014','1','admin','admin','20141116200528000224','20141116200554000453'),
 ('2014000002','2014000002','','','','','','','20141119000000000000','1','2002','2014','1','admin','admin','20141119200857000427','20141119200903000292');
/*!40000 ALTER TABLE `tab_rap_vis_med_emb` ENABLE KEYS */;


--
-- Definition of table `tab_rap_vis_med_perio`
--

DROP TABLE IF EXISTS `tab_rap_vis_med_perio`;
CREATE TABLE `tab_rap_vis_med_perio` (
  `COD_RAP_VIS_MED_PERIO` varchar(32) NOT NULL DEFAULT '',
  `COD_VIS_MED_PERIO` varchar(32) DEFAULT NULL,
  `COD_PAT` varchar(32) DEFAULT NULL,
  `LIB_OBJ` varchar(1024) DEFAULT NULL,
  `LIB_RAP_EXAM_CLI` varchar(2048) DEFAULT NULL,
  `LIB_RAP_EXAM_NOR` varchar(2048) DEFAULT NULL,
  `LIB_RAP_EXAM_ANOR` varchar(2048) DEFAULT NULL,
  `LIB_CONCL` varchar(2048) DEFAULT NULL,
  `LIB_RECOM_PART` varchar(2048) DEFAULT NULL,
  `DAT_EDI` varchar(32) DEFAULT NULL,
  `BOO_VAL` decimal(1,0) DEFAULT '0',
  `ETAT_ENT` varchar(30) DEFAULT NULL,
  `COD_EXE_FIS` varchar(30) DEFAULT NULL,
  `BOO_ACT` decimal(1,0) DEFAULT '0',
  `COD_USR_CRT` varchar(30) DEFAULT NULL,
  `COD_USR_MOD` varchar(30) DEFAULT NULL,
  `DAT_CRT` varchar(30) DEFAULT NULL,
  `DAT_MOD` varchar(30) DEFAULT NULL,
  PRIMARY KEY (`COD_RAP_VIS_MED_PERIO`)
) ENGINE=InnoDB DEFAULT CHARSET=latin1;

--
-- Dumping data for table `tab_rap_vis_med_perio`
--

/*!40000 ALTER TABLE `tab_rap_vis_med_perio` DISABLE KEYS */;
INSERT INTO `tab_rap_vis_med_perio` (`COD_RAP_VIS_MED_PERIO`,`COD_VIS_MED_PERIO`,`COD_PAT`,`LIB_OBJ`,`LIB_RAP_EXAM_CLI`,`LIB_RAP_EXAM_NOR`,`LIB_RAP_EXAM_ANOR`,`LIB_CONCL`,`LIB_RECOM_PART`,`DAT_EDI`,`BOO_VAL`,`ETAT_ENT`,`COD_EXE_FIS`,`BOO_ACT`,`COD_USR_CRT`,`COD_USR_MOD`,`DAT_CRT`,`DAT_MOD`) VALUES 
 ('2014000001','2014000001','2014000004','AAAAAAAAAAAAAAAAAAAAAAAAAAA','AAAAAAAAAAAAAAAAAAAAAAA','AAAAAAAAAAAAAAAAAAA','AAAAAAAAAAAAAAAAAA','AAAAAAAAAAAAAAAAAAA','AAAAAAAAAAAAAAAAAAA','20141116000000000000','0','2000','2014','1','admin',NULL,'20141116214121000931',NULL);
/*!40000 ALTER TABLE `tab_rap_vis_med_perio` ENABLE KEYS */;


--
-- Definition of table `tab_rdv`
--

DROP TABLE IF EXISTS `tab_rdv`;
CREATE TABLE `tab_rdv` (
  `COD_RDV` varchar(32) NOT NULL DEFAULT '',
  `COD_PAT` varchar(32) DEFAULT NULL,
  `COD_USR` varchar(32) DEFAULT NULL,
  `COD_TYP_RDV` varchar(32) DEFAULT NULL,
  `LIB_TYP_RDV` varchar(255) DEFAULT NULL,
  `COD_SVC` varchar(32) DEFAULT NULL,
  `LIB_SVC` varchar(255) DEFAULT NULL,
  `DAT_DEM` varchar(32) DEFAULT NULL,
  `DAT_RDV` varchar(32) DEFAULT NULL,
  `VAL_NUM_ORDRE` decimal(20,0) DEFAULT NULL,
  `LIB_OBS` varchar(255) DEFAULT NULL,
  `BOO_EST_ANN` decimal(1,0) DEFAULT '0',
  `BOO_EST_CONF` decimal(1,0) DEFAULT '0',
  `ETAT_ENT` varchar(30) DEFAULT NULL,
  `COD_EXE_FIS` varchar(30) DEFAULT NULL,
  `BOO_ACT` decimal(1,0) DEFAULT '0',
  `COD_USR_CRT` varchar(30) DEFAULT NULL,
  `COD_USR_MOD` varchar(30) DEFAULT NULL,
  `DAT_CRT` varchar(30) DEFAULT NULL,
  `DAT_MOD` varchar(30) DEFAULT NULL,
  `COD_SPEC` varchar(32) DEFAULT NULL,
  PRIMARY KEY (`COD_RDV`)
) ENGINE=InnoDB DEFAULT CHARSET=latin1;

--
-- Dumping data for table `tab_rdv`
--

/*!40000 ALTER TABLE `tab_rdv` DISABLE KEYS */;
INSERT INTO `tab_rdv` (`COD_RDV`,`COD_PAT`,`COD_USR`,`COD_TYP_RDV`,`LIB_TYP_RDV`,`COD_SVC`,`LIB_SVC`,`DAT_DEM`,`DAT_RDV`,`VAL_NUM_ORDRE`,`LIB_OBS`,`BOO_EST_ANN`,`BOO_EST_CONF`,`ETAT_ENT`,`COD_EXE_FIS`,`BOO_ACT`,`COD_USR_CRT`,`COD_USR_MOD`,`DAT_CRT`,`DAT_MOD`,`COD_SPEC`) VALUES 
 ('2014000001','2014000001','house','CONS_10','Consultation','D_G','Direction générale','20140815000000000000','20140830143000000000','1','RAS','1','0','2007','2014','1','admin','admin','20140815110754000252','20141006101243000850','SPEC_C'),
 ('2014000002','2014000002','house','HOSTI_11','Hospitalisation','CHIR_DENT','Chirugie dentaire','20140815000000000000','20141106120000000000','2','RAS','1','0','2007','2014','1','admin','admin','20140815115858000664','20140828203549000579',NULL),
 ('2014000003','2014000001','house','HOSTI_11','Hospitalisation','CHIR_DENT','Chirugie dentaire','20140807000000000000','20140816120000000000','5','RAS',NULL,'1','2008','2014','1','admin','admin','20140815201146000855','20140831124427000547',NULL),
 ('2014000004','2014000002','house','HOSTI_11','Hospitalisation','CHIR_DENT','Chirugie dentaire','20140808000000000000','20140810120000000000','45','ZAS','0','1','2008','2014','1','admin','admin','20140815202447000249','20140817130030000520',NULL),
 ('2014000005','2014000005','house','HOSTI_11',NULL,'CHIR_DENT',NULL,'20140907000000000000','20150911120000000000','9','RAS','0','0','2000','2014','1','admin','admin','20140907080111000205','20140907080534000523',NULL);
/*!40000 ALTER TABLE `tab_rdv` ENABLE KEYS */;


--
-- Definition of table `tab_rol`
--

DROP TABLE IF EXISTS `tab_rol`;
CREATE TABLE `tab_rol` (
  `COD_ROL` varchar(32) NOT NULL DEFAULT '',
  `LIB_ROL` varchar(255) DEFAULT NULL,
  `LIB_DESC` varchar(255) DEFAULT NULL,
  `ETAT_ENT` varchar(30) DEFAULT NULL,
  `COD_EXE_FIS` varchar(30) DEFAULT NULL,
  `BOO_ACT` decimal(1,0) DEFAULT '0',
  `COD_USR_CRT` varchar(30) DEFAULT NULL,
  `COD_USR_MOD` varchar(30) DEFAULT NULL,
  `DAT_CRT` varchar(30) DEFAULT NULL,
  `DAT_MOD` varchar(30) DEFAULT NULL,
  PRIMARY KEY (`COD_ROL`)
) ENGINE=InnoDB DEFAULT CHARSET=latin1;

--
-- Dumping data for table `tab_rol`
--

/*!40000 ALTER TABLE `tab_rol` DISABLE KEYS */;
INSERT INTO `tab_rol` (`COD_ROL`,`LIB_ROL`,`LIB_DESC`,`ETAT_ENT`,`COD_EXE_FIS`,`BOO_ACT`,`COD_USR_CRT`,`COD_USR_MOD`,`DAT_CRT`,`DAT_MOD`) VALUES 
 ('MED_CHEF','Medecin chef','ras ras ras','2000','2014','1','admin',NULL,'20140808185604000204',NULL);
/*!40000 ALTER TABLE `tab_rol` ENABLE KEYS */;


--
-- Definition of table `tab_soc`
--

DROP TABLE IF EXISTS `tab_soc`;
CREATE TABLE `tab_soc` (
  `COD_SOC` varchar(32) NOT NULL DEFAULT '',
  `LIB_SOC` varchar(255) DEFAULT NULL,
  `LIB_RESP` varchar(255) DEFAULT NULL,
  `LIB_BP` varchar(32) DEFAULT NULL,
  `LIB_VIL` varchar(32) DEFAULT NULL,
  `LIB_TEL` varchar(32) DEFAULT NULL,
  `LIB_NUM_CONTRIB` varchar(32) DEFAULT NULL,
  `LIB_SIEGE` varchar(255) DEFAULT NULL,
  `LIB_ADR_COM` varchar(1024) DEFAULT NULL,
  `BOO_EST_AFF` decimal(1,0) DEFAULT '0',
  `DAT_AFF` varchar(32) DEFAULT NULL,
  `VAL_EFF` decimal(20,2) DEFAULT NULL,
  `VAL_PRI_UNI` decimal(20,2) DEFAULT NULL,
  `DAT_CRE` varchar(32) DEFAULT NULL,
  `LIB_MAIL` varchar(32) DEFAULT NULL,
  `LIB_FAX` varchar(32) DEFAULT NULL,
  `ETAT_ENT` varchar(30) DEFAULT NULL,
  `COD_EXE_FIS` varchar(30) DEFAULT NULL,
  `BOO_ACT` decimal(1,0) DEFAULT '0',
  `COD_USR_CRT` varchar(30) DEFAULT NULL,
  `COD_USR_MOD` varchar(30) DEFAULT NULL,
  `DAT_CRT` varchar(30) DEFAULT NULL,
  `DAT_MOD` varchar(30) DEFAULT NULL,
  `VAL_TARIF_FIX_MEN` decimal(20,2) DEFAULT NULL,
  PRIMARY KEY (`COD_SOC`)
) ENGINE=InnoDB DEFAULT CHARSET=latin1;

--
-- Dumping data for table `tab_soc`
--

/*!40000 ALTER TABLE `tab_soc` DISABLE KEYS */;
INSERT INTO `tab_soc` (`COD_SOC`,`LIB_SOC`,`LIB_RESP`,`LIB_BP`,`LIB_VIL`,`LIB_TEL`,`LIB_NUM_CONTRIB`,`LIB_SIEGE`,`LIB_ADR_COM`,`BOO_EST_AFF`,`DAT_AFF`,`VAL_EFF`,`VAL_PRI_UNI`,`DAT_CRE`,`LIB_MAIL`,`LIB_FAX`,`ETAT_ENT`,`COD_EXE_FIS`,`BOO_ACT`,`COD_USR_CRT`,`COD_USR_MOD`,`DAT_CRT`,`DAT_MOD`,`VAL_TARIF_FIX_MEN`) VALUES 
 ('ANONYMOUS','Société Anonyme à responsabilité limité','Anonymous','','','','','','','1','20141025000000000000','33.00','15000.00',NULL,NULL,NULL,'2000','2014','1','admin',NULL,'20141025135312000240',NULL,'120000.00'),
 ('CAMLAIT','Cameroun des laitières','André Jurle','854','Yaoundé','0023778956234','895523159026900059+','Cameroun','Immeuble CMSP','1','20141025000000000000','75.00','15000.00','20010220000000000000',NULL,NULL,'2000','2014','1','admin','admin','20141025134416000381','20141025135011000807','89000.00'),
 ('CITECH','Communication and Information Technology','Zakiatou','3360','Douala','77 01 04 70','M2001015487965','Bonapriso','Rue njo-njo immeuble carrée d\'or','1','20110317000000000000','30.00','15000.00','20090617000000000000',NULL,NULL,'2000','2014','1','admin',NULL,'20140810215336000886',NULL,NULL),
 ('E-PRINT','Element d\'impression Sarl','Antoine bouaza','478','Douala','48789652','015M478454','Cameroun','RAS','1','20140305000000000000','5.00','1500.00','20031119000000000000',NULL,NULL,'2000','2014','1','admin',NULL,'20140906100425000789',NULL,NULL),
 ('ERICSON','Sony and Eric sono','Mr Jean boss','5896','Douala','58 665 ','M57855','Bonadjo','RAS','1','20130815000000000000','254.00','96200.00','20071010000000000000',NULL,NULL,'2000','2014','1','admin',NULL,'20140811135711000229',NULL,NULL),
 ('MEGATIM','Mega tim work','ALain','89652','Yaoundé','22 36 58 94','M2015000014578','Poste centrale','RAS','0','20140810000000000000','89.00','25000.00','20110511000000000000',NULL,NULL,'2000','2014','1','admin',NULL,'20140810215926000595',NULL,NULL),
 ('OCI','Office congolais d\'informatique','Tanguy','8544','BZV','7894512266','HJ1245789330','Mpilla','RAS','0',NULL,'59.00','89522.00','19930615000000000000',NULL,NULL,'2000','2014','1','admin','admin','20140810222851000113','20140811115134000463',NULL),
 ('SKY_SOFT','Sky soft Informatique et telecommunication','Richie SYS','895623','Brazzaville','00242645899563','30014578002598451236','CONGO','Brazza pas chére-Immeuble rose porte 45','0',NULL,'15.00',NULL,'20111006000000000000',NULL,NULL,'2000','2014','1','admin',NULL,'20141025132729000252',NULL,NULL);
/*!40000 ALTER TABLE `tab_soc` ENABLE KEYS */;


--
-- Definition of table `tab_soin`
--

DROP TABLE IF EXISTS `tab_soin`;
CREATE TABLE `tab_soin` (
  `COD_SOIN` varchar(32) NOT NULL DEFAULT '',
  `COD_PAT` varchar(32) DEFAULT NULL,
  `COD_TYP_SOIN` varchar(32) DEFAULT NULL,
  `LIB_SOIN` varchar(45) DEFAULT NULL,
  `LIB_MOTIF` varchar(1024) DEFAULT NULL,
  `VAL_MNT_TTC` decimal(20,2) DEFAULT NULL,
  `DAT_SOIN` varchar(32) DEFAULT NULL,
  `LIB_OBS` varchar(1024) DEFAULT NULL,
  `BOO_VAL` decimal(1,0) DEFAULT '0',
  `ETAT_ENT` varchar(30) DEFAULT NULL,
  `COD_EXE_FIS` varchar(30) DEFAULT NULL,
  `BOO_ACT` decimal(1,0) DEFAULT '0',
  `COD_USR_CRT` varchar(30) DEFAULT NULL,
  `COD_USR_MOD` varchar(30) DEFAULT NULL,
  `DAT_CRT` varchar(30) DEFAULT NULL,
  `DAT_MOD` varchar(30) DEFAULT NULL,
  `BOO_PAIE` decimal(1,0) DEFAULT NULL,
  `REF_FAC` varchar(32) DEFAULT NULL,
  `ENU_MOD_PCHG` varchar(30) DEFAULT NULL,
  `TYP_VIS_MED_SRC` varchar(30) DEFAULT NULL,
  `COD_VIS_MED_EMB` varchar(32) DEFAULT NULL,
  `COD_VIS_MED_PERIO` varchar(32) DEFAULT NULL,
  PRIMARY KEY (`COD_SOIN`)
) ENGINE=InnoDB DEFAULT CHARSET=latin1;

--
-- Dumping data for table `tab_soin`
--

/*!40000 ALTER TABLE `tab_soin` DISABLE KEYS */;
INSERT INTO `tab_soin` (`COD_SOIN`,`COD_PAT`,`COD_TYP_SOIN`,`LIB_SOIN`,`LIB_MOTIF`,`VAL_MNT_TTC`,`DAT_SOIN`,`LIB_OBS`,`BOO_VAL`,`ETAT_ENT`,`COD_EXE_FIS`,`BOO_ACT`,`COD_USR_CRT`,`COD_USR_MOD`,`DAT_CRT`,`DAT_MOD`,`BOO_PAIE`,`REF_FAC`,`ENU_MOD_PCHG`,`TYP_VIS_MED_SRC`,`COD_VIS_MED_EMB`,`COD_VIS_MED_PERIO`) VALUES 
 ('2014000001','2014000004','SOIN_B','Netoyage blessure','RAS','10254.00','20140907000000000000','RAS','0','2011','2014','1','admin','admin','20140907192034000982','20141026120642000587','1','FAC/REF/0124589POIUHB',NULL,NULL,NULL,NULL),
 ('2014000002','2014000005','SOIN_A','RAS','RAS','0.00',NULL,'','1','2002','2014','1','admin','admin','20140907192315000571','20140907192323000419','0',NULL,NULL,NULL,NULL,NULL),
 ('2014000003','2014000001','SOIN_B','pansement','Blessure grave','12890.00','20140911000000000000','RAS','1','2011','2014','1','admin','admin','20140911123511000910','20140915184725000472','1','REF/BONDEKO/11/09/2014','2002',NULL,NULL,NULL),
 ('2014000004','2014000001','SOIN_B','Nettoyage gensive','RAS','5800.00','20140708000000000000','RAS','0','2000','2014','1','admin',NULL,'20140911135726000374',NULL,'0',NULL,NULL,NULL,NULL,NULL),
 ('2014000005','2014000001','SOIN_A','Vérification des mucoeuses','RAS','158900.00','20140602000000000000','','0','2000','2014','1','admin',NULL,'20140911135832000488',NULL,'0',NULL,NULL,NULL,NULL,NULL),
 ('2014000006','2014000001','SOIN_B','Soin de pansement','RAS','9600.00','20140708000000000000','RAS','0','2011','2014','1','admin','admin','20140911135940000650','20141005122057000802','1','REF/BONDEKO/11/09/2014','','VM_PERIO',NULL,NULL),
 ('2014000007','2014000003','SOIN_B','thytryut','thtrh','49900.00','20141023000000000000','ras','1','2002','2014','1','admin','admin','20141015194901000792','20141015194905000364','0',NULL,'2002','',NULL,NULL);
/*!40000 ALTER TABLE `tab_soin` ENABLE KEYS */;


--
-- Definition of table `tab_spec`
--

DROP TABLE IF EXISTS `tab_spec`;
CREATE TABLE `tab_spec` (
  `COD_SPEC` varchar(32) NOT NULL DEFAULT '',
  `LIB_SPEC` varchar(255) DEFAULT NULL,
  `LIB_DESC` varchar(255) DEFAULT NULL,
  `ETAT_ENT` varchar(30) DEFAULT NULL,
  `COD_EXE_FIS` varchar(30) DEFAULT NULL,
  `BOO_ACT` decimal(1,0) DEFAULT '0',
  `COD_USR_CRT` varchar(30) DEFAULT NULL,
  `COD_USR_MOD` varchar(30) DEFAULT NULL,
  `DAT_CRT` varchar(30) DEFAULT NULL,
  `DAT_MOD` varchar(30) DEFAULT NULL,
  PRIMARY KEY (`COD_SPEC`)
) ENGINE=InnoDB DEFAULT CHARSET=latin1;

--
-- Dumping data for table `tab_spec`
--

/*!40000 ALTER TABLE `tab_spec` DISABLE KEYS */;
INSERT INTO `tab_spec` (`COD_SPEC`,`LIB_SPEC`,`LIB_DESC`,`ETAT_ENT`,`COD_EXE_FIS`,`BOO_ACT`,`COD_USR_CRT`,`COD_USR_MOD`,`DAT_CRT`,`DAT_MOD`) VALUES 
 ('SPEC_A','Spécialité n°1','RAS','2000','2014','1','admin',NULL,'20140813130821000635',NULL),
 ('SPEC_B','Spécialité n°2','RAS','2000','2014','1','admin',NULL,'20140813131108000920',NULL),
 ('SPEC_C','Spécialité n°3','RAS','2000','2014','1','admin',NULL,'20141005123200000607',NULL),
 ('SPEC_D','Spécialité n°4','RAS','2000','2014','1','admin',NULL,'20141005124613000818',NULL);
/*!40000 ALTER TABLE `tab_spec` ENABLE KEYS */;


--
-- Definition of table `tab_svc`
--

DROP TABLE IF EXISTS `tab_svc`;
CREATE TABLE `tab_svc` (
  `COD_SVC` varchar(32) NOT NULL DEFAULT '',
  `LIB_SVC` varchar(255) DEFAULT NULL,
  `LIB_DESC` varchar(255) DEFAULT NULL,
  `COD_SVC_PAR` varchar(32) DEFAULT NULL,
  `LIB_SVC_PAR` varchar(255) DEFAULT NULL,
  `ETAT_ENT` varchar(30) DEFAULT NULL,
  `COD_EXE_FIS` varchar(30) DEFAULT NULL,
  `BOO_ACT` decimal(1,0) DEFAULT '0',
  `COD_USR_CRT` varchar(30) DEFAULT NULL,
  `COD_USR_MOD` varchar(30) DEFAULT NULL,
  `DAT_CRT` varchar(30) DEFAULT NULL,
  `DAT_MOD` varchar(30) DEFAULT NULL,
  PRIMARY KEY (`COD_SVC`)
) ENGINE=InnoDB DEFAULT CHARSET=latin1;

--
-- Dumping data for table `tab_svc`
--

/*!40000 ALTER TABLE `tab_svc` DISABLE KEYS */;
INSERT INTO `tab_svc` (`COD_SVC`,`LIB_SVC`,`LIB_DESC`,`COD_SVC_PAR`,`LIB_SVC_PAR`,`ETAT_ENT`,`COD_EXE_FIS`,`BOO_ACT`,`COD_USR_CRT`,`COD_USR_MOD`,`DAT_CRT`,`DAT_MOD`) VALUES 
 ('CHIR_DENT','Chirugie dentaire','bla bla bla','PED','Pédiatrie','2000','2014','1','admin','admin','20140808184646000958','20140823112728000440'),
 ('D_G','Direction générale','RAS',NULL,'Pédiatrie','2000','2014','1','admin','admin','20140808190806000022','20140905153010000973'),
 ('PED','Pédiatrie','RAS','CHIR_DENT',NULL,'2000','2014','1','admin',NULL,'20140808190837000342',NULL),
 ('SVC_ACC','Accueil','RAS','D_G',NULL,'2000','2014','1','admin','admin','20140905152753000291','20140905152957000895');
/*!40000 ALTER TABLE `tab_svc` ENABLE KEYS */;


--
-- Definition of table `tab_typ_exam`
--

DROP TABLE IF EXISTS `tab_typ_exam`;
CREATE TABLE `tab_typ_exam` (
  `COD_TYP_EXAM` varchar(32) NOT NULL DEFAULT '',
  `LIB_TYP_EXAM` varchar(255) DEFAULT NULL,
  `LIB_DESC` varchar(255) DEFAULT NULL,
  `COD_CAT_EXAM` varchar(32) DEFAULT NULL,
  `LIB_CAT_EXAM` varchar(255) DEFAULT NULL,
  `ETAT_ENT` varchar(30) DEFAULT NULL,
  `COD_EXE_FIS` varchar(30) DEFAULT NULL,
  `BOO_ACT` decimal(1,0) DEFAULT '0',
  `COD_USR_CRT` varchar(30) DEFAULT NULL,
  `COD_USR_MOD` varchar(30) DEFAULT NULL,
  `DAT_CRT` varchar(30) DEFAULT NULL,
  `DAT_MOD` varchar(30) DEFAULT NULL,
  `VAL_COUT` decimal(20,2) DEFAULT NULL,
  PRIMARY KEY (`COD_TYP_EXAM`)
) ENGINE=InnoDB DEFAULT CHARSET=latin1;

--
-- Dumping data for table `tab_typ_exam`
--

/*!40000 ALTER TABLE `tab_typ_exam` DISABLE KEYS */;
INSERT INTO `tab_typ_exam` (`COD_TYP_EXAM`,`LIB_TYP_EXAM`,`LIB_DESC`,`COD_CAT_EXAM`,`LIB_CAT_EXAM`,`ETAT_ENT`,`COD_EXE_FIS`,`BOO_ACT`,`COD_USR_CRT`,`COD_USR_MOD`,`DAT_CRT`,`DAT_MOD`,`VAL_COUT`) VALUES 
 ('CAT_A2','A2','RAS','CAT_B',NULL,'2000','2014','1','admin','admin','20140905202732000810','20141005134259000983','158000.00'),
 ('ELECTRO_FOR','Electrophorese','RAS','CAR_LOG','Cardiologie','2000','2014','1','admin','admin','20140812200719000589','20141005134324000316','25800.00'),
 ('TYP_EXAM_1','Type Examen n°1','RAS','CAT_A','Categorie n°1','2000','2014','1','admin','admin','20140813133034000029','20141005134335000851','30250.00'),
 ('TYP_EXAM_2','Type Exam n°2','Exam spécialisé pour visas','CAT_B','Categorie n°2','2000','2014','1','admin','admin','20140813133232000620','20141005134458000141','96580.00'),
 ('VIH','SIDA','Examen pour contrôle la sérologie du patient','VIR','Virale','2000','2014','1','admin','admin','20140812195837000157','20141005134509000636','12500.00');
/*!40000 ALTER TABLE `tab_typ_exam` ENABLE KEYS */;


--
-- Definition of table `tab_typ_rdv`
--

DROP TABLE IF EXISTS `tab_typ_rdv`;
CREATE TABLE `tab_typ_rdv` (
  `COD_TYP_RDV` varchar(32) NOT NULL DEFAULT '',
  `LIB_TYP_RDV` varchar(255) DEFAULT NULL,
  `LIB_DESC` varchar(255) DEFAULT NULL,
  `ETAT_ENT` varchar(30) DEFAULT NULL,
  `COD_EXE_FIS` varchar(30) DEFAULT NULL,
  `BOO_ACT` decimal(1,0) DEFAULT '0',
  `COD_USR_CRT` varchar(30) DEFAULT NULL,
  `COD_USR_MOD` varchar(30) DEFAULT NULL,
  `DAT_CRT` varchar(30) DEFAULT NULL,
  `DAT_MOD` varchar(30) DEFAULT NULL,
  PRIMARY KEY (`COD_TYP_RDV`)
) ENGINE=InnoDB DEFAULT CHARSET=latin1;

--
-- Dumping data for table `tab_typ_rdv`
--

/*!40000 ALTER TABLE `tab_typ_rdv` DISABLE KEYS */;
INSERT INTO `tab_typ_rdv` (`COD_TYP_RDV`,`LIB_TYP_RDV`,`LIB_DESC`,`ETAT_ENT`,`COD_EXE_FIS`,`BOO_ACT`,`COD_USR_CRT`,`COD_USR_MOD`,`DAT_CRT`,`DAT_MOD`) VALUES 
 ('CONS_10','Consultation','RDV pour les consultations','2000','2014','1','admin',NULL,'20140813172604000965',NULL),
 ('HOSTI_11','Hospitalisation','Rendez-vous pour hospitalisation','2000','2014','1','admin',NULL,'20140813172859000658',NULL);
/*!40000 ALTER TABLE `tab_typ_rdv` ENABLE KEYS */;


--
-- Definition of table `tab_typ_soin`
--

DROP TABLE IF EXISTS `tab_typ_soin`;
CREATE TABLE `tab_typ_soin` (
  `COD_TYP_SOIN` varchar(32) NOT NULL DEFAULT '',
  `LIB_TYP_SOIN` varchar(255) DEFAULT NULL,
  `LIB_DESC` varchar(255) DEFAULT NULL,
  `ETAT_ENT` varchar(30) DEFAULT NULL,
  `COD_EXE_FIS` varchar(30) DEFAULT NULL,
  `BOO_ACT` decimal(1,0) DEFAULT '0',
  `COD_USR_CRT` varchar(30) DEFAULT NULL,
  `COD_USR_MOD` varchar(30) DEFAULT NULL,
  `DAT_CRT` varchar(30) DEFAULT NULL,
  `DAT_MOD` varchar(30) DEFAULT NULL,
  `VAL_COUT` decimal(20,2) DEFAULT NULL,
  PRIMARY KEY (`COD_TYP_SOIN`)
) ENGINE=InnoDB DEFAULT CHARSET=latin1;

--
-- Dumping data for table `tab_typ_soin`
--

/*!40000 ALTER TABLE `tab_typ_soin` DISABLE KEYS */;
INSERT INTO `tab_typ_soin` (`COD_TYP_SOIN`,`LIB_TYP_SOIN`,`LIB_DESC`,`ETAT_ENT`,`COD_EXE_FIS`,`BOO_ACT`,`COD_USR_CRT`,`COD_USR_MOD`,`DAT_CRT`,`DAT_MOD`,`VAL_COUT`) VALUES 
 ('SOIN_A','Soin n°1','RAS','2000','2014','1','admin','admin','20140813130938000245','20141005143352000589','125800.00'),
 ('SOIN_B','Soin n°2','RAS','2000','2014','1','admin','admin','20140813131008000102','20141005143403000679','35900.00');
/*!40000 ALTER TABLE `tab_typ_soin` ENABLE KEYS */;


--
-- Definition of table `tab_usr`
--

DROP TABLE IF EXISTS `tab_usr`;
CREATE TABLE `tab_usr` (
  `COD_USR` varchar(255) NOT NULL DEFAULT '',
  `BOO_ACT` decimal(19,2) DEFAULT NULL,
  `COD_EXE_FIS` varchar(255) DEFAULT NULL,
  `ETAT_ENT` varchar(255) DEFAULT NULL,
  `BOO_SEX` varchar(255) DEFAULT NULL,
  `COD_PWD` varchar(255) DEFAULT NULL,
  `DAT_EMBCH` varchar(255) DEFAULT NULL,
  `DAT_EXP_PWD` varchar(255) DEFAULT NULL,
  `LIB_ADR` varchar(255) DEFAULT NULL,
  `LIB_FON` varchar(255) DEFAULT NULL,
  `LIB_NOM` varchar(255) DEFAULT NULL,
  `LIB_PRE` varchar(255) DEFAULT NULL,
  `COD_SVC` varchar(32) DEFAULT NULL,
  `COD_ROL` varchar(32) DEFAULT NULL,
  `DAT_MOD` varchar(255) DEFAULT NULL,
  `DAT_CRT` varchar(255) DEFAULT NULL,
  `COD_USR_MOD` varchar(255) DEFAULT NULL,
  `COD_USR_CRT` varchar(255) DEFAULT NULL,
  PRIMARY KEY (`COD_USR`)
) ENGINE=InnoDB DEFAULT CHARSET=latin1;

--
-- Dumping data for table `tab_usr`
--

/*!40000 ALTER TABLE `tab_usr` DISABLE KEYS */;
INSERT INTO `tab_usr` (`COD_USR`,`BOO_ACT`,`COD_EXE_FIS`,`ETAT_ENT`,`BOO_SEX`,`COD_PWD`,`DAT_EMBCH`,`DAT_EXP_PWD`,`LIB_ADR`,`LIB_FON`,`LIB_NOM`,`LIB_PRE`,`COD_SVC`,`COD_ROL`,`DAT_MOD`,`DAT_CRT`,`COD_USR_MOD`,`COD_USR_CRT`) VALUES 
 ('admin','0.00','2014','2000','M','sysgeho','20111221000000000000','20141221000000000000','20141221000000000000','RH','Beauclair','MEGO','D_G','MED_CHEF','20141104212643000386','20141221000000000000','admin',NULL),
 ('house','1.00','2014','2000','M','house','20090805000000000000','20160825000000000000','Douala-bonandjo 75 85 89 63','Généraliste','Dr House','Blanchard','PED','MED_CHEF',NULL,'20140815110312000436',NULL,'admin'),
 ('RAS','1.00','2014','2000','F','ras',NULL,'20140821000000000000','','','ras','','D_G','MED_CHEF',NULL,'20140823111732000910',NULL,'admin'),
 ('RED','1.00','2014','2000','F','111',NULL,'20140820000000000000','','re','re','re','D_G','MED_CHEF',NULL,'20140823152949000243',NULL,'admin'),
 ('sysgeho','1.00','2014','2000','M','sysgeho','20140823000000000000','20160818000000000000','RAS','ING','Le Mego','yaya','D_G','MED_CHEF',NULL,'20140823092541000330',NULL,'admin');
/*!40000 ALTER TABLE `tab_usr` ENABLE KEYS */;


--
-- Definition of table `tab_vis_med_emb`
--

DROP TABLE IF EXISTS `tab_vis_med_emb`;
CREATE TABLE `tab_vis_med_emb` (
  `COD_VIS_MED_EMB` varchar(32) NOT NULL DEFAULT '',
  `COD_PAT` varchar(32) DEFAULT NULL,
  `COD_USR` varchar(32) DEFAULT NULL,
  `DAT_VIS_MED` varchar(32) DEFAULT NULL,
  `LIB_MOTIF` varchar(255) DEFAULT NULL,
  `LIB_OBS` varchar(1024) DEFAULT NULL,
  `BOO_EST_VAL` decimal(1,0) DEFAULT '0',
  `VAL_MNT_TTC` decimal(20,2) DEFAULT NULL,
  `ETAT_ENT` varchar(30) DEFAULT NULL,
  `COD_EXE_FIS` varchar(30) DEFAULT NULL,
  `BOO_ACT` decimal(1,0) DEFAULT '0',
  `COD_USR_CRT` varchar(30) DEFAULT NULL,
  `COD_USR_MOD` varchar(30) DEFAULT NULL,
  `DAT_CRT` varchar(30) DEFAULT NULL,
  `DAT_MOD` varchar(30) DEFAULT NULL,
  `BOO_RAP_VIS_MED` decimal(1,0) DEFAULT NULL,
  PRIMARY KEY (`COD_VIS_MED_EMB`)
) ENGINE=InnoDB DEFAULT CHARSET=latin1;

--
-- Dumping data for table `tab_vis_med_emb`
--

/*!40000 ALTER TABLE `tab_vis_med_emb` DISABLE KEYS */;
INSERT INTO `tab_vis_med_emb` (`COD_VIS_MED_EMB`,`COD_PAT`,`COD_USR`,`DAT_VIS_MED`,`LIB_MOTIF`,`LIB_OBS`,`BOO_EST_VAL`,`VAL_MNT_TTC`,`ETAT_ENT`,`COD_EXE_FIS`,`BOO_ACT`,`COD_USR_CRT`,`COD_USR_MOD`,`DAT_CRT`,`DAT_MOD`,`BOO_RAP_VIS_MED`) VALUES 
 ('2014000001','2014000002','admin','20140926000000000000','RAS','RES','1','89500.00','2002','2014','1','admin','admin','20140927154819000223','20141116214255000532','1'),
 ('2014000002','2014000002','house',NULL,'','','1','0.00','2002','2014','1','admin','admin','20140927154935000776','20141119200857000407','1');
/*!40000 ALTER TABLE `tab_vis_med_emb` ENABLE KEYS */;


--
-- Definition of table `tab_vis_med_perio`
--

DROP TABLE IF EXISTS `tab_vis_med_perio`;
CREATE TABLE `tab_vis_med_perio` (
  `COD_VIS_MED_PERIO` varchar(32) NOT NULL DEFAULT '',
  `LIB_VIS_MED_PERIO` varchar(255) DEFAULT NULL,
  `COD_SOC` varchar(32) DEFAULT NULL,
  `COD_USR` varchar(32) DEFAULT NULL,
  `DAT_VIS_MED` varchar(32) DEFAULT NULL,
  `DAT_DER_VIS_MED` varchar(32) DEFAULT NULL,
  `LIB_MOTIF` varchar(255) DEFAULT NULL,
  `LIB_OBS` varchar(1024) DEFAULT NULL,
  `BOO_EST_VAL` decimal(1,0) DEFAULT '0',
  `VAL_MNT_TTC` decimal(20,2) DEFAULT NULL,
  `VAL_NBR` decimal(20,0) DEFAULT NULL,
  `ETAT_ENT` varchar(30) DEFAULT NULL,
  `COD_EXE_FIS` varchar(30) DEFAULT NULL,
  `BOO_ACT` decimal(1,0) DEFAULT '0',
  `COD_USR_CRT` varchar(30) DEFAULT NULL,
  `COD_USR_MOD` varchar(30) DEFAULT NULL,
  `DAT_CRT` varchar(30) DEFAULT NULL,
  `DAT_MOD` varchar(30) DEFAULT NULL,
  PRIMARY KEY (`COD_VIS_MED_PERIO`)
) ENGINE=InnoDB DEFAULT CHARSET=latin1;

--
-- Dumping data for table `tab_vis_med_perio`
--

/*!40000 ALTER TABLE `tab_vis_med_perio` DISABLE KEYS */;
INSERT INTO `tab_vis_med_perio` (`COD_VIS_MED_PERIO`,`LIB_VIS_MED_PERIO`,`COD_SOC`,`COD_USR`,`DAT_VIS_MED`,`DAT_DER_VIS_MED`,`LIB_MOTIF`,`LIB_OBS`,`BOO_EST_VAL`,`VAL_MNT_TTC`,`VAL_NBR`,`ETAT_ENT`,`COD_EXE_FIS`,`BOO_ACT`,`COD_USR_CRT`,`COD_USR_MOD`,`DAT_CRT`,`DAT_MOD`) VALUES 
 ('2014000001','VM_CITECH_20014','CITECH','house','20140927000000000000',NULL,'Recap','ERAS','1','189500.00','25','2002','2014','1','admin','admin','20140927155332000857','20141026124924000303');
/*!40000 ALTER TABLE `tab_vis_med_perio` ENABLE KEYS */;




/*!40101 SET SQL_MODE=@OLD_SQL_MODE */;
/*!40014 SET FOREIGN_KEY_CHECKS=@OLD_FOREIGN_KEY_CHECKS */;
/*!40014 SET UNIQUE_CHECKS=@OLD_UNIQUE_CHECKS */;
/*!40101 SET CHARACTER_SET_CLIENT=@OLD_CHARACTER_SET_CLIENT */;
/*!40101 SET CHARACTER_SET_RESULTS=@OLD_CHARACTER_SET_RESULTS */;
/*!40101 SET COLLATION_CONNECTION=@OLD_COLLATION_CONNECTION */;
/*!40101 SET CHARACTER_SET_CLIENT=@OLD_CHARACTER_SET_CLIENT */;
